file,amino_acid,codon,degree,closeness,betweenness,out-degree,nodeconnectivity,clustering
Taq_Bias,C,TGT,0.19047619047619047,3.2049677351560097,0.017605393411845024,0.07936507936507936,5,0.13114754098360656
Taq_Bias,C,TGC,0.19047619047619047,1.981571477376325,0.04073220686123911,0.1111111111111111,5,0.19672131147540983
Taq_Bias,A,GCT,0.19047619047619047,1.981571477376325,0.04412015702338283,0.1111111111111111,5,0.19672131147540983
Taq_Bias,A,GCC,0.19047619047619047,2.0689997172387966,0.07121522444103089,0.09523809523809523,5,0.2
Taq_Bias,A,GCA,0.19047619047619047,1.981571477376325,0.04396654719235365,0.1111111111111111,5,0.19672131147540983
Taq_Bias,A,GCG,0.19047619047619047,2.0689997172387966,0.07100187745349035,0.09523809523809523,5,0.2
Taq_Bias,G,GGT,0.19047619047619047,1.981571477376325,0.0433521078682369,0.1111111111111111,5,0.19672131147540983
Taq_Bias,G,GGC,0.19047619047619047,2.0689997172387966,0.0689110769755931,0.09523809523809523,5,0.2
Taq_Bias,G,GGA,0.19047619047619047,1.981571477376325,0.04323263355521421,0.1111111111111111,5,0.19672131147540983
Taq_Bias,G,GGG,0.19047619047619047,2.0689997172387966,0.07019115890083633,0.09523809523809523,5,0.2
Taq_Bias,P,CCT,0.19047619047619047,1.981571477376325,0.04412015702338283,0.1111111111111111,5,0.19672131147540983
Taq_Bias,P,CCC,0.19047619047619047,2.0689997172387966,0.07147124082607954,0.09523809523809523,5,0.2
Taq_Bias,P,CCA,0.19047619047619047,1.981571477376325,0.043450247482505554,0.1111111111111111,5,0.19672131147540983
Taq_Bias,P,CCG,0.19047619047619047,2.0689997172387966,0.07104454685099847,0.09523809523809523,5,0.2
Taq_Bias,S,TCT,0.19047619047619047,3.2049677351560106,0.014763611537805085,0.07936507936507936,5,0.13114754098360656
Taq_Bias,S,TCC,0.19047619047619047,1.981571477376325,0.04600614439324118,0.1111111111111111,5,0.19672131147540983
Taq_Bias,S,TCA,0.19047619047619047,3.2049677351560097,0.01550605905444615,0.07936507936507936,5,0.13114754098360656
Taq_Bias,S,TCG,0.19047619047619047,1.981571477376325,0.04390681003584229,0.1111111111111111,5,0.19672131147540983
Taq_Bias,S,AGT,0.19047619047619047,3.2049677351560106,0.0154463218979348,0.07936507936507936,5,0.13114754098360656
Taq_Bias,S,AGC,0.19047619047619047,1.981571477376325,0.04113329919781533,0.1111111111111111,5,0.19672131147540983
Taq_Bias,T,ACT,0.19047619047619047,3.2049677351560097,0.01550605905444615,0.07936507936507936,5,0.13114754098360656
Taq_Bias,T,ACC,0.19047619047619047,1.981571477376325,0.04709848096944872,0.1111111111111111,5,0.19672131147540983
Taq_Bias,T,ACA,0.19047619047619047,3.2049677351560106,0.015433521078682367,0.07936507936507936,5,0.13114754098360656
Taq_Bias,T,ACG,0.19047619047619047,1.981571477376325,0.0439068100358423,0.1111111111111111,5,0.19672131147540983
Taq_Bias,D,GAT,0.19047619047619047,3.2049677351560106,0.01545485577743642,0.07936507936507936,5,0.13114754098360656
Taq_Bias,D,GAC,0.19047619047619047,1.981571477376325,0.04247311827956989,0.1111111111111111,5,0.19672131147540983
Taq_Bias,E,GAA,0.19047619047619047,3.2049677351560097,0.015514592933947772,0.07936507936507936,5,0.13114754098360656
Taq_Bias,E,GAG,0.19047619047619047,1.981571477376325,0.04382147124082608,0.1111111111111111,5,0.19672131147540983
Taq_Bias,N,AAT,0.19047619047619047,6.696484188548334,0.08165642601126476,0.09523809523809523,5,0.0
Taq_Bias,N,AAC,0.19047619047619047,3.2049677351560106,0.013513398190817543,0.07936507936507936,5,0.13114754098360656
Taq_Bias,Q,CAA,0.19047619047619047,3.2049677351560106,0.015488991295442905,0.07936507936507936,5,0.13114754098360656
Taq_Bias,Q,CAG,0.19047619047619047,1.981571477376325,0.043821471240826075,0.1111111111111111,5,0.19672131147540983
Taq_Bias,H,CAT,0.19047619047619047,3.2049677351560097,0.01734084314729476,0.07936507936507936,5,0.13114754098360656
Taq_Bias,H,CAC,0.19047619047619047,1.981571477376325,0.04240911418330773,0.1111111111111111,5,0.19672131147540983
Taq_Bias,K,AAA,0.19047619047619047,6.696484188548334,0.08180576890254311,0.09523809523809523,5,0.0
Taq_Bias,K,AAG,0.19047619047619047,3.2049677351560097,0.015446321897934798,0.07936507936507936,5,0.13114754098360656
Taq_Bias,R,CGT,0.19047619047619047,1.981571477376325,0.04326676907322069,0.1111111111111111,5,0.19672131147540983
Taq_Bias,R,CGC,0.19047619047619047,2.0689997172387966,0.06925243215565796,0.09523809523809523,5,0.2
Taq_Bias,R,CGA,0.19047619047619047,1.981571477376325,0.043096091483188256,0.1111111111111111,5,0.19672131147540983
Taq_Bias,R,CGG,0.19047619047619047,2.0689997172387966,0.0701484895033282,0.09523809523809523,5,0.2
Taq_Bias,R,AGA,0.19047619047619047,3.2049677351560097,0.015514592933947772,0.07936507936507936,5,0.13114754098360656
Taq_Bias,R,AGG,0.19047619047619047,1.981571477376325,0.04348011606076122,0.1111111111111111,5,0.19672131147540983
Taq_Bias,I,ATT,0.19047619047619047,6.696484188548334,0.08192524321556581,0.09523809523809523,5,0.0
Taq_Bias,I,ATC,0.19047619047619047,3.2049677351560097,0.017494452978323947,0.07936507936507936,5,0.13114754098360656
Taq_Bias,I,ATA,0.19047619047619047,6.696484188548334,0.08169909540877285,0.09523809523809523,5,0.0
Taq_Bias,L,TTA,0.19047619047619047,6.696484188548334,0.08178870114353988,0.09523809523809523,5,0.0
Taq_Bias,L,TTG,0.19047619047619047,3.2049677351560097,0.0154463218979348,0.07936507936507936,5,0.13114754098360656
Taq_Bias,L,CTT,0.19047619047619047,3.2049677351560106,0.015062297320361833,0.07936507936507936,5,0.13114754098360656
Taq_Bias,L,CTC,0.19047619047619047,1.981571477376325,0.04446151220344769,0.1111111111111111,5,0.19672131147540983
Taq_Bias,L,CTA,0.19047619047619047,3.2049677351560097,0.015506059054446152,0.07936507936507936,5,0.13114754098360656
Taq_Bias,L,CTG,0.19047619047619047,1.981571477376325,0.04356545485577744,0.1111111111111111,5,0.19672131147540983
Taq_Bias,V,GTT,0.19047619047619047,3.2049677351560097,0.01551459293394777,0.07936507936507936,5,0.13114754098360656
Taq_Bias,V,GTC,0.19047619047619047,1.981571477376325,0.04412869090288446,0.1111111111111111,5,0.19672131147540983
Taq_Bias,V,GTA,0.19047619047619047,3.2049677351560106,0.01545485577743642,0.07936507936507936,5,0.13114754098360656
Taq_Bias,V,GTG,0.19047619047619047,1.981571477376325,0.04356545485577743,0.1111111111111111,5,0.19672131147540983
Taq_Bias,M,ATG,0.19047619047619047,3.2049677351560106,0.0154463218979348,0.07936507936507936,5,0.13114754098360656
Taq_Bias,F,TTT,0.19047619047619047,6.696484188548334,0.08162655743300908,0.09523809523809523,5,0.0
Taq_Bias,F,TTC,0.19047619047619047,3.2049677351560106,0.018399044205495818,0.07936507936507936,5,0.13114754098360656
Taq_Bias,W,TGG,0.19047619047619047,1.981571477376325,0.04348011606076122,0.1111111111111111,5,0.19672131147540983
Taq_Bias,Y,TAT,0.19047619047619047,6.696484188548334,0.08115719406041985,0.09523809523809523,5,0.0
Taq_Bias,Y,TAC,0.19047619047619047,3.2049677351560097,0.008960573476702509,0.07936507936507936,5,0.13114754098360656
Taq_Bias,*,TAA,0.19047619047619047,6.696484188548334,0.081694828469022,0.09523809523809523,5,0.0
Taq_Bias,*,TAG,0.19047619047619047,3.2049677351560106,0.015446321897934798,0.07936507936507936,5,0.13114754098360656
Taq_Bias,*,TGA,0.19047619047619047,3.2049677351560106,0.015446321897934798,0.07936507936507936,5,0.13114754098360656
TRIDENT_Bias,C,TGT,0.09523809523809523,0.18661877267745877,0.0013440860215053765,0.047619047619047616,0,0.0
TRIDENT_Bias,C,TGC,0.07936507936507936,0.33523581301698707,0.0017921146953405018,0.031746031746031744,0,0.0
TRIDENT_Bias,A,GCT,0.07936507936507936,0.33523581301698707,0.0010240655401945725,0.031746031746031744,0,0.0
TRIDENT_Bias,A,GCC,0.047619047619047616,0.0,0.0,0.047619047619047616,0,0.0
TRIDENT_Bias,A,GCA,0.07936507936507936,0.33523581301698707,0.0007680491551459293,0.031746031746031744,0,0.0
TRIDENT_Bias,A,GCG,0.047619047619047616,0.0,0.0,0.047619047619047616,0,0.0
TRIDENT_Bias,G,GGT,0.07936507936507936,0.33523581301698707,0.0012800819252432156,0.031746031746031744,0,0.0
TRIDENT_Bias,G,GGC,0.047619047619047616,0.0,0.0,0.047619047619047616,0,0.0
TRIDENT_Bias,G,GGA,0.07936507936507936,0.33523581301698707,0.0010880696364567333,0.031746031746031744,0,0.0
TRIDENT_Bias,G,GGG,0.047619047619047616,0.0,0.0,0.047619047619047616,0,0.0
TRIDENT_Bias,P,CCT,0.07936507936507936,0.3352358130169871,0.0005120327700972862,0.031746031746031744,0,0.0
TRIDENT_Bias,P,CCC,0.047619047619047616,0.0,0.0,0.047619047619047616,0,0.0
TRIDENT_Bias,P,CCA,0.07936507936507936,0.33523581301698707,0.0010240655401945725,0.031746031746031744,0,0.0
TRIDENT_Bias,P,CCG,0.047619047619047616,0.0,0.0,0.047619047619047616,0,0.0
TRIDENT_Bias,S,TCT,0.09523809523809523,0.18661877267745877,0.0015360983102918587,0.047619047619047616,0,0.0
TRIDENT_Bias,S,TCC,0.07936507936507936,0.33523581301698707,0.0017921146953405018,0.031746031746031744,0,0.0
TRIDENT_Bias,S,TCA,0.09523809523809523,0.18661877267745877,0.001152073732718894,0.047619047619047616,0,0.0
TRIDENT_Bias,S,TCG,0.07936507936507936,0.33523581301698707,0.0010240655401945725,0.031746031746031744,0,0.0
TRIDENT_Bias,S,AGT,0.09523809523809523,0.18661877267745877,0.0014080901177675371,0.047619047619047616,0,0.0
TRIDENT_Bias,S,AGC,0.07936507936507936,0.33523581301698707,0.0014080901177675371,0.031746031746031744,0,0.0
TRIDENT_Bias,T,ACT,0.09523809523809523,0.18661877267745877,0.001152073732718894,0.047619047619047616,0,0.0
TRIDENT_Bias,T,ACC,0.07936507936507936,0.33523581301698707,0.0010240655401945725,0.031746031746031744,0,0.0
TRIDENT_Bias,T,ACA,0.09523809523809523,0.18661877267745877,0.0014720942140296978,0.047619047619047616,0,0.0
TRIDENT_Bias,T,ACG,0.07936507936507936,0.33523581301698707,0.0016641065028161802,0.031746031746031744,0,0.0
TRIDENT_Bias,D,GAT,0.09523809523809523,0.18661877267745877,0.0014080901177675371,0.047619047619047616,0,0.0
TRIDENT_Bias,D,GAC,0.07936507936507936,0.33523581301698707,0.0014080901177675371,0.031746031746031744,0,0.0
TRIDENT_Bias,E,GAA,0.09523809523809523,0.18661877267745877,0.001728110599078341,0.047619047619047616,0,0.0
TRIDENT_Bias,E,GAG,0.07936507936507936,0.33523581301698707,0.0019201228878648233,0.031746031746031744,0,0.0
TRIDENT_Bias,N,AAT,0.09523809523809523,0.08788925233384408,0.0,0.047619047619047616,0,0.0
TRIDENT_Bias,N,AAC,0.09523809523809523,0.18661877267745877,0.002048131080389145,0.047619047619047616,0,0.0
TRIDENT_Bias,Q,CAA,0.09523809523809523,0.18661877267745877,0.001621437105308073,0.047619047619047616,0,0.0
TRIDENT_Bias,Q,CAG,0.07936507936507936,0.33523581301698707,0.0013654207202594298,0.031746031746031744,0,0.0
TRIDENT_Bias,H,CAT,0.09523809523809523,0.18661877267745877,0.0013440860215053765,0.047619047619047616,0,0.0
TRIDENT_Bias,H,CAC,0.07936507936507936,0.33523581301698707,0.0017921146953405018,0.031746031746031744,0,0.0
TRIDENT_Bias,K,AAA,0.09523809523809523,0.08788925233384408,0.0,0.047619047619047616,0,0.0
TRIDENT_Bias,K,AAG,0.09523809523809523,0.18661877267745877,0.001728110599078341,0.047619047619047616,0,0.0
TRIDENT_Bias,R,CGT,0.07936507936507936,0.3352358130169871,0.0005120327700972862,0.031746031746031744,0,0.0
TRIDENT_Bias,R,CGC,0.047619047619047616,0.0,0.0,0.047619047619047616,0,0.0
TRIDENT_Bias,R,CGA,0.07936507936507936,0.33523581301698707,0.0013654207202594298,0.031746031746031744,0,0.0
TRIDENT_Bias,R,CGG,0.047619047619047616,0.0,0.0,0.047619047619047616,0,0.0
TRIDENT_Bias,R,AGA,0.09523809523809523,0.18661877267745877,0.0014080901177675371,0.047619047619047616,0,0.0
TRIDENT_Bias,R,AGG,0.07936507936507936,0.33523581301698707,0.0010880696364567333,0.031746031746031744,0,0.0
TRIDENT_Bias,I,ATT,0.09523809523809523,0.08788925233384408,0.0,0.047619047619047616,0,0.0
TRIDENT_Bias,I,ATC,0.09523809523809523,0.18661877267745877,0.0021761392729134667,0.047619047619047616,0,0.0
TRIDENT_Bias,I,ATA,0.09523809523809523,0.08788925233384408,0.0,0.047619047619047616,0,0.0
TRIDENT_Bias,L,TTA,0.09523809523809523,0.08788925233384408,0.0,0.047619047619047616,0,0.0
TRIDENT_Bias,L,TTG,0.09523809523809523,0.18661877267745877,0.0021761392729134667,0.047619047619047616,0,0.0
TRIDENT_Bias,L,CTT,0.09523809523809523,0.18661877267745877,0.0015360983102918587,0.047619047619047616,0,0.0
TRIDENT_Bias,L,CTC,0.07936507936507936,0.33523581301698707,0.0017921146953405018,0.031746031746031744,0,0.0
TRIDENT_Bias,L,CTA,0.09523809523809523,0.18661877267745877,0.0015360983102918587,0.047619047619047616,0,0.0
TRIDENT_Bias,L,CTG,0.07936507936507936,0.33523581301698707,0.002048131080389145,0.031746031746031744,0,0.0
TRIDENT_Bias,V,GTT,0.09523809523809523,0.18661877267745877,0.0015360983102918587,0.047619047619047616,0,0.0
TRIDENT_Bias,V,GTC,0.07936507936507936,0.33523581301698707,0.002048131080389145,0.031746031746031744,0,0.0
TRIDENT_Bias,V,GTA,0.09523809523809523,0.18661877267745877,0.0014720942140296978,0.047619047619047616,0,0.0
TRIDENT_Bias,V,GTG,0.07936507936507936,0.33523581301698707,0.0016641065028161802,0.031746031746031744,0,0.0
TRIDENT_Bias,M,ATG,0.09523809523809523,0.18661877267745877,0.0019201228878648233,0.047619047619047616,0,0.0
TRIDENT_Bias,F,TTT,0.09523809523809523,0.08788925233384408,0.0,0.047619047619047616,0,0.0
TRIDENT_Bias,F,TTC,0.09523809523809523,0.18661877267745877,0.0017921146953405018,0.047619047619047616,0,0.0
TRIDENT_Bias,W,TGG,0.07936507936507936,0.33523581301698707,0.0013654207202594298,0.031746031746031744,0,0.0
TRIDENT_Bias,Y,TAT,0.09523809523809523,0.0878892523338441,0.0,0.047619047619047616,0,0.0
TRIDENT_Bias,Y,TAC,0.09523809523809523,0.18661877267745877,0.0021761392729134667,0.047619047619047616,0,0.0
TRIDENT_Bias,*,TAA,0.09523809523809523,0.08788925233384408,0.0,0.047619047619047616,0,0.0
TRIDENT_Bias,*,TAG,0.09523809523809523,0.18661877267745877,0.0016214371053080731,0.047619047619047616,0,0.0
TRIDENT_Bias,*,TGA,0.09523809523809523,0.18661877267745877,0.0016214371053080731,0.047619047619047616,0,0.0
OrthoRep_Bias,C,TGT,0.09523809523809523,0.8521945100079735,0.011264720942140293,0.047619047619047616,1,0.0
OrthoRep_Bias,C,TGC,0.09523809523809523,0.9590528281721062,0.038914490527393736,0.047619047619047616,1,0.0
OrthoRep_Bias,A,GCT,0.09523809523809523,0.9590528281721062,0.017430448882061782,0.047619047619047616,1,0.0
OrthoRep_Bias,A,GCC,0.19047619047619047,1.2184159374284245,0.28264208909370186,0.09523809523809523,1,0.0
OrthoRep_Bias,A,GCA,0.09523809523809523,0.9590528281721062,0.03891449052739374,0.047619047619047616,1,0.0
OrthoRep_Bias,A,GCG,0.19047619047619047,1.2184159374284245,0.2826420890937019,0.09523809523809523,1,0.0
OrthoRep_Bias,G,GGT,0.09523809523809523,0.9590528281721062,0.03891449052739378,0.047619047619047616,1,0.0
OrthoRep_Bias,G,GGC,0.19047619047619047,1.2184159374284245,0.28264208909370186,0.09523809523809523,1,0.0
OrthoRep_Bias,G,GGA,0.09523809523809523,0.9590528281721062,0.03891449052739378,0.047619047619047616,1,0.0
OrthoRep_Bias,G,GGG,0.19047619047619047,1.2184159374284245,0.2826420890937019,0.09523809523809523,1,0.0
OrthoRep_Bias,P,CCT,0.09523809523809523,0.9590528281721062,0.02363884621949138,0.047619047619047616,1,0.0
OrthoRep_Bias,P,CCC,0.19047619047619047,1.2184159374284245,0.282642089093702,0.09523809523809523,1,0.0
OrthoRep_Bias,P,CCA,0.09523809523809523,0.9590528281721062,0.018774534903567165,0.047619047619047616,1,0.0
OrthoRep_Bias,P,CCG,0.19047619047619047,1.2184159374284245,0.2826420890937019,0.09523809523809523,1,0.0
OrthoRep_Bias,S,TCT,0.09523809523809523,0.8521945100079735,0.011222051544632192,0.047619047619047616,1,0.0
OrthoRep_Bias,S,TCC,0.09523809523809523,0.9590528281721062,0.0465523126813449,0.047619047619047616,1,0.0
OrthoRep_Bias,S,TCA,0.09523809523809523,0.8521945100079735,0.010005973715651144,0.047619047619047616,1,0.0
OrthoRep_Bias,S,TCG,0.09523809523809523,0.9590528281721062,0.04898446833930705,0.047619047619047616,1,0.0
OrthoRep_Bias,S,AGT,0.09523809523809523,0.8521945100079735,0.011264720942140318,0.047619047619047616,1,0.0
OrthoRep_Bias,S,AGC,0.09523809523809523,0.9590528281721062,0.03891449052739378,0.047619047619047616,1,0.0
OrthoRep_Bias,T,ACT,0.09523809523809523,0.8521945100079735,0.015510325994196963,0.047619047619047616,1,0.0
OrthoRep_Bias,T,ACC,0.09523809523809523,0.9590528281721062,0.08188257381805766,0.047619047619047616,1,0.0
OrthoRep_Bias,T,ACA,0.09523809523809523,0.8521945100079735,0.011264720942140306,0.047619047619047616,1,0.0
OrthoRep_Bias,T,ACG,0.09523809523809523,0.9590528281721062,0.03891449052739374,0.047619047619047616,1,0.0
OrthoRep_Bias,D,GAT,0.09523809523809523,0.8521945100079735,0.011264720942140318,0.047619047619047616,1,0.0
OrthoRep_Bias,D,GAC,0.09523809523809523,0.9590528281721062,0.03891449052739378,0.047619047619047616,1,0.0
OrthoRep_Bias,E,GAA,0.09523809523809523,0.8521945100079735,0.011264720942140313,0.047619047619047616,1,0.0
OrthoRep_Bias,E,GAG,0.09523809523809523,0.9590528281721062,0.03891449052739378,0.047619047619047616,1,0.0
OrthoRep_Bias,N,AAT,0.09523809523809523,0.7889720890370863,0.0030721966205837174,0.047619047619047616,1,0.0
OrthoRep_Bias,N,AAC,0.09523809523809523,0.8521945100079735,0.011264720942140318,0.047619047619047616,1,0.0
OrthoRep_Bias,Q,CAA,0.09523809523809523,0.8521945100079735,0.013056835637480797,0.047619047619047616,1,0.0
OrthoRep_Bias,Q,CAG,0.09523809523809523,0.9590528281721062,0.06490015360983103,0.047619047619047616,1,0.0
OrthoRep_Bias,H,CAT,0.09523809523809523,0.8521945100079735,0.011264720942140293,0.047619047619047616,1,0.0
OrthoRep_Bias,H,CAC,0.09523809523809523,0.9590528281721062,0.03891449052739373,0.047619047619047616,1,0.0
OrthoRep_Bias,K,AAA,0.09523809523809523,0.7889720890370863,0.0030721966205837174,0.047619047619047616,1,0.0
OrthoRep_Bias,K,AAG,0.09523809523809523,0.8521945100079735,0.01126472094214031,0.047619047619047616,1,0.0
OrthoRep_Bias,R,CGT,0.09523809523809523,0.9590528281721062,0.038914490527393736,0.047619047619047616,1,0.0
OrthoRep_Bias,R,CGC,0.19047619047619047,1.2184159374284245,0.28264208909370186,0.09523809523809523,1,0.0
OrthoRep_Bias,R,CGA,0.09523809523809523,0.9590528281721062,0.014464925755248336,0.047619047619047616,1,0.0
OrthoRep_Bias,R,CGG,0.19047619047619047,1.2184159374284245,0.2826420890937018,0.09523809523809523,1,0.0
OrthoRep_Bias,R,AGA,0.09523809523809523,0.8521945100079735,0.011264720942140313,0.047619047619047616,1,0.0
OrthoRep_Bias,R,AGG,0.09523809523809523,0.9590528281721062,0.038914490527393784,0.047619047619047616,1,0.0
OrthoRep_Bias,I,ATT,0.09523809523809523,0.7889720890370863,0.0030721966205837174,0.047619047619047616,1,0.0
OrthoRep_Bias,I,ATC,0.09523809523809523,0.8521945100079735,0.015510325994196963,0.047619047619047616,1,0.0
OrthoRep_Bias,I,ATA,0.09523809523809523,0.7889720890370863,0.0030721966205837174,0.047619047619047616,1,0.0
OrthoRep_Bias,L,TTA,0.09523809523809523,0.7889720890370863,0.0030721966205837174,0.047619047619047616,1,0.0
OrthoRep_Bias,L,TTG,0.09523809523809523,0.8521945100079735,0.013782215395118633,0.047619047619047616,1,0.0
OrthoRep_Bias,L,CTT,0.09523809523809523,0.8521945100079735,0.011222051544632192,0.047619047619047616,1,0.0
OrthoRep_Bias,L,CTC,0.09523809523809523,0.9590528281721062,0.04655231268134495,0.047619047619047616,1,0.0
OrthoRep_Bias,L,CTA,0.09523809523809523,0.8521945100079735,0.010005973715651147,0.047619047619047616,1,0.0
OrthoRep_Bias,L,CTG,0.09523809523809523,0.9590528281721062,0.04898446833930708,0.047619047619047616,1,0.0
OrthoRep_Bias,V,GTT,0.09523809523809523,0.8521945100079735,0.002773510838026967,0.047619047619047616,1,0.0
OrthoRep_Bias,V,GTC,0.09523809523809523,0.9590528281721062,0.017430448882061782,0.047619047619047616,1,0.0
OrthoRep_Bias,V,GTA,0.09523809523809523,0.8521945100079735,0.011264720942140307,0.047619047619047616,1,0.0
OrthoRep_Bias,V,GTG,0.09523809523809523,0.9590528281721062,0.03891449052739377,0.047619047619047616,1,0.0
OrthoRep_Bias,M,ATG,0.09523809523809523,0.8521945100079735,0.011264720942140307,0.047619047619047616,1,0.0
OrthoRep_Bias,F,TTT,0.09523809523809523,0.7889720890370863,0.0030721966205837174,0.047619047619047616,1,0.0
OrthoRep_Bias,F,TTC,0.09523809523809523,0.8521945100079735,0.011350059737156514,0.047619047619047616,1,0.0
OrthoRep_Bias,W,TGG,0.09523809523809523,0.9590528281721062,0.03737839221710189,0.047619047619047616,1,0.0
OrthoRep_Bias,Y,TAT,0.09523809523809523,0.7889720890370863,0.0030721966205837174,0.047619047619047616,1,0.0
OrthoRep_Bias,Y,TAC,0.09523809523809523,0.8521945100079735,0.011264720942140293,0.047619047619047616,1,0.0
OrthoRep_Bias,*,TAA,0.09523809523809523,0.7889720890370863,0.0030721966205837174,0.047619047619047616,1,0.0
OrthoRep_Bias,*,TAG,0.09523809523809523,0.8521945100079735,0.013184843830005117,0.047619047619047616,1,0.0
OrthoRep_Bias,*,TGA,0.09523809523809523,0.8521945100079735,0.007552483358934971,0.047619047619047616,1,0.0
YeastIT2_Bias,C,TGT,0.1746031746031746,2.2370922828449213,0.04488820617852876,0.07936507936507936,3,0.1568627450980392
YeastIT2_Bias,C,TGC,0.20634920634920634,1.5761755301241183,0.024543437446663256,0.1111111111111111,3,0.136986301369863
YeastIT2_Bias,A,GCT,0.20634920634920634,1.5761755301241183,0.02421061614610001,0.1111111111111111,3,0.136986301369863
YeastIT2_Bias,A,GCC,0.23809523809523808,1.0241879214588372,0.011490868748933264,0.14285714285714285,3,0.12121212121212122
YeastIT2_Bias,A,GCA,0.20634920634920634,1.5761755301241183,0.026216077828981048,0.1111111111111111,3,0.136986301369863
YeastIT2_Bias,A,GCG,0.23809523809523808,1.0241879214588372,0.005675029868578255,0.14285714285714285,3,0.12121212121212122
YeastIT2_Bias,G,GGT,0.20634920634920634,1.5761755301241183,0.022930534220856804,0.1111111111111111,3,0.136986301369863
YeastIT2_Bias,G,GGC,0.23809523809523808,1.0241879214588372,0.01163594470046083,0.14285714285714285,3,0.12121212121212122
YeastIT2_Bias,G,GGA,0.20634920634920634,1.5761755301241183,0.02448796722990271,0.1111111111111111,3,0.136986301369863
YeastIT2_Bias,G,GGG,0.23809523809523808,1.0241879214588372,0.010667349377026797,0.14285714285714285,3,0.12121212121212122
YeastIT2_Bias,P,CCT,0.20634920634920634,1.5761755301241183,0.02037037037037037,0.1111111111111111,3,0.136986301369863
YeastIT2_Bias,P,CCC,0.23809523809523808,1.0241879214588372,0.005803038061102577,0.14285714285714285,3,0.12121212121212122
YeastIT2_Bias,P,CCA,0.20634920634920634,1.576175530124119,0.024978665301245945,0.1111111111111111,3,0.136986301369863
YeastIT2_Bias,P,CCG,0.23809523809523808,1.0241879214588372,0.011618876941457586,0.14285714285714285,3,0.12121212121212122
YeastIT2_Bias,S,TCT,0.1746031746031746,2.2370922828449213,0.04183734425669909,0.07936507936507936,3,0.1568627450980392
YeastIT2_Bias,S,TCC,0.20634920634920634,1.5761755301241185,0.02166752005461683,0.1111111111111111,3,0.136986301369863
YeastIT2_Bias,S,TCA,0.1746031746031746,2.2370922828449213,0.043821471240826075,0.07936507936507936,3,0.1568627450980392
YeastIT2_Bias,S,TCG,0.20634920634920634,1.576175530124119,0.024496501109404337,0.1111111111111111,3,0.136986301369863
YeastIT2_Bias,S,AGT,0.1746031746031746,2.2370922828449213,0.04119730329407748,0.07936507936507936,3,0.1568627450980392
YeastIT2_Bias,S,AGC,0.20634920634920634,1.5761755301241183,0.021710189452124936,0.1111111111111111,3,0.136986301369863
YeastIT2_Bias,T,ACT,0.1746031746031746,2.2370922828449213,0.04077060931899642,0.07936507936507936,3,0.1568627450980392
YeastIT2_Bias,T,ACC,0.20634920634920634,1.5761755301241183,0.02239716675200546,0.1111111111111111,3,0.136986301369863
YeastIT2_Bias,T,ACA,0.1746031746031746,2.2370922828449213,0.04851510496671787,0.07936507936507936,3,0.1568627450980392
YeastIT2_Bias,T,ACG,0.20634920634920634,1.576175530124119,0.02700119474313023,0.1111111111111111,3,0.136986301369863
YeastIT2_Bias,D,GAT,0.1746031746031746,2.2370922828449213,0.043202764976958526,0.07936507936507936,3,0.1568627450980392
YeastIT2_Bias,D,GAC,0.20634920634920634,1.5761755301241183,0.022247823860727087,0.1111111111111111,3,0.136986301369863
YeastIT2_Bias,E,GAA,0.1746031746031746,2.2370922828449213,0.04599761051373955,0.07936507936507936,3,0.1568627450980392
YeastIT2_Bias,E,GAG,0.20634920634920634,1.576175530124119,0.02695852534562212,0.1111111111111111,3,0.136986301369863
YeastIT2_Bias,N,AAT,0.14285714285714285,3.042773814150085,0.049027137736815156,0.047619047619047616,3,0.18181818181818182
YeastIT2_Bias,N,AAC,0.1746031746031746,2.2370922828449213,0.04307048984468339,0.07936507936507936,3,0.1568627450980392
YeastIT2_Bias,Q,CAA,0.1746031746031746,2.2370922828449213,0.041389315582863975,0.07936507936507936,3,0.1568627450980392
YeastIT2_Bias,Q,CAG,0.20634920634920634,1.5761755301241183,0.023510838026967063,0.1111111111111111,3,0.136986301369863
YeastIT2_Bias,H,CAT,0.1746031746031746,2.2370922828449213,0.043096091483188256,0.07936507936507936,3,0.1568627450980392
YeastIT2_Bias,H,CAC,0.20634920634920634,1.576175530124119,0.02429168800136542,0.1111111111111111,3,0.136986301369863
YeastIT2_Bias,K,AAA,0.14285714285714285,3.042773814150085,0.05359276327018262,0.047619047619047616,3,0.18181818181818182
YeastIT2_Bias,K,AAG,0.1746031746031746,2.2370922828449213,0.04706007851169142,0.07936507936507936,3,0.1568627450980392
YeastIT2_Bias,R,CGT,0.20634920634920634,1.576175530124119,0.02537975763782215,0.1111111111111111,3,0.136986301369863
YeastIT2_Bias,R,CGC,0.23809523809523808,1.0241879214588372,0.005291005291005292,0.14285714285714285,3,0.12121212121212122
YeastIT2_Bias,R,CGA,0.20634920634920634,1.5761755301241183,0.02258491210104113,0.1111111111111111,3,0.136986301369863
YeastIT2_Bias,R,CGG,0.23809523809523808,1.0241879214588372,0.011550605905444614,0.14285714285714285,3,0.12121212121212122
YeastIT2_Bias,R,AGA,0.1746031746031746,2.2370922828449213,0.044397508107185533,0.07936507936507936,3,0.1568627450980392
YeastIT2_Bias,R,AGG,0.20634920634920634,1.5761755301241183,0.0247610513739546,0.1111111111111111,3,0.136986301369863
YeastIT2_Bias,I,ATT,0.14285714285714285,3.042773814150085,0.04956050520566649,0.047619047619047616,3,0.18181818181818182
YeastIT2_Bias,I,ATC,0.1746031746031746,2.2370922828449213,0.04225977129202935,0.07936507936507936,3,0.1568627450980392
YeastIT2_Bias,I,ATA,0.14285714285714285,3.042773814150085,0.05122461170848268,0.047619047619047616,3,0.18181818181818182
YeastIT2_Bias,L,TTA,0.14285714285714285,3.042773814150085,0.049027137736815156,0.047619047619047616,3,0.18181818181818182
YeastIT2_Bias,L,TTG,0.1746031746031746,2.2370922828449213,0.044965011094043356,0.07936507936507936,3,0.1568627450980392
YeastIT2_Bias,L,CTT,0.1746031746031746,2.2370922828449213,0.042200034135518004,0.07936507936507936,3,0.1568627450980392
YeastIT2_Bias,L,CTC,0.20634920634920634,1.5761755301241185,0.02136883427206008,0.1111111111111111,3,0.136986301369863
YeastIT2_Bias,L,CTA,0.1746031746031746,2.2370922828449213,0.043202764976958526,0.07936507936507936,3,0.1568627450980392
YeastIT2_Bias,L,CTG,0.20634920634920634,1.576175530124119,0.024833589349718386,0.1111111111111111,3,0.136986301369863
YeastIT2_Bias,V,GTT,0.1746031746031746,2.2370922828449213,0.0451015531660693,0.07936507936507936,3,0.1568627450980392
YeastIT2_Bias,V,GTC,0.20634920634920634,1.5761755301241183,0.023805256869773,0.1111111111111111,3,0.136986301369863
YeastIT2_Bias,V,GTA,0.1746031746031746,2.2370922828449213,0.04672299027137737,0.07936507936507936,3,0.1568627450980392
YeastIT2_Bias,V,GTG,0.20634920634920634,1.576175530124119,0.025379757637822156,0.1111111111111111,3,0.136986301369863
YeastIT2_Bias,M,ATG,0.1746031746031746,2.2370922828449213,0.04665471923536439,0.07936507936507936,3,0.1568627450980392
YeastIT2_Bias,F,TTT,0.14285714285714285,3.042773814150085,0.05026455026455027,0.047619047619047616,3,0.18181818181818182
YeastIT2_Bias,F,TTC,0.1746031746031746,2.2370922828449213,0.04454258405871309,0.07936507936507936,3,0.1568627450980392
YeastIT2_Bias,W,TGG,0.20634920634920634,1.576175530124119,0.025392558457074586,0.1111111111111111,3,0.136986301369863
YeastIT2_Bias,Y,TAT,0.14285714285714285,3.042773814150085,0.04956050520566649,0.047619047619047616,3,0.18181818181818182
YeastIT2_Bias,Y,TAC,0.1746031746031746,2.2370922828449213,0.044905273937532006,0.07936507936507936,3,0.1568627450980392
YeastIT2_Bias,*,TAA,0.14285714285714285,3.042773814150085,0.05122461170848267,0.047619047619047616,3,0.18181818181818182
YeastIT2_Bias,*,TAG,0.1746031746031746,2.2370922828449213,0.0467357910906298,0.07936507936507936,3,0.1568627450980392
YeastIT2_Bias,*,TGA,0.1746031746031746,2.2370922828449213,0.04439750810718553,0.07936507936507936,3,0.1568627450980392
MutazymeII_Bias,C,TGT,0.2857142857142857,4.4393479544960295,0.06005717699266087,0.14285714285714285,9,0.25
MutazymeII_Bias,C,TGC,0.2857142857142857,6.2588594545757745,0.04246885133981908,0.14285714285714285,9,0.25
MutazymeII_Bias,A,GCT,0.2857142857142857,6.2588594545757745,0.03614097968936678,0.14285714285714285,9,0.25
MutazymeII_Bias,A,GCC,0.2857142857142857,10.798338849926507,0.012924560505205665,0.14285714285714285,9,0.25
MutazymeII_Bias,A,GCA,0.2857142857142857,6.2588594545757745,0.030316606929510156,0.14285714285714285,9,0.25
MutazymeII_Bias,A,GCG,0.2857142857142857,10.798338849926507,0.010582010582010583,0.14285714285714285,9,0.25
MutazymeII_Bias,G,GGT,0.2857142857142857,6.2588594545757745,0.04094982078853046,0.14285714285714285,9,0.25
MutazymeII_Bias,G,GGC,0.2857142857142857,10.798338849926507,0.02151817716333846,0.14285714285714285,9,0.25
MutazymeII_Bias,G,GGA,0.2857142857142857,6.2588594545757745,0.035564942823007345,0.14285714285714285,9,0.25
MutazymeII_Bias,G,GGG,0.2857142857142857,10.798338849926509,0.02082266598395631,0.14285714285714285,9,0.25
MutazymeII_Bias,P,CCT,0.2857142857142857,6.2588594545757745,0.03042328042328042,0.14285714285714285,9,0.25
MutazymeII_Bias,P,CCC,0.2857142857142857,10.798338849926507,0.014234511008704558,0.14285714285714285,9,0.25
MutazymeII_Bias,P,CCA,0.2857142857142857,6.2588594545757745,0.03795442908346135,0.14285714285714285,9,0.25
MutazymeII_Bias,P,CCG,0.2857142857142857,10.798338849926507,0.01601809182454344,0.14285714285714285,9,0.25
MutazymeII_Bias,S,TCT,0.2857142857142857,4.4393479544960295,0.058073050008533876,0.14285714285714285,9,0.25
MutazymeII_Bias,S,TCC,0.2857142857142857,6.2588594545757745,0.034289127837514935,0.14285714285714285,9,0.25
MutazymeII_Bias,S,TCA,0.2857142857142857,4.4393479544960295,0.05429254138931557,0.14285714285714285,9,0.25
MutazymeII_Bias,S,TCG,0.2857142857142857,6.2588594545757745,0.03218125960061444,0.14285714285714285,9,0.25
MutazymeII_Bias,S,AGT,0.2857142857142857,4.439347954496029,0.05939153439153439,0.14285714285714285,9,0.25
MutazymeII_Bias,S,AGC,0.2857142857142857,6.2588594545757745,0.03375149342891278,0.14285714285714285,9,0.25
MutazymeII_Bias,T,ACT,0.2857142857142857,4.439347954496029,0.058772828127666835,0.14285714285714285,9,0.25
MutazymeII_Bias,T,ACC,0.2857142857142857,6.2588594545757745,0.03451954258405871,0.14285714285714285,9,0.25
MutazymeII_Bias,T,ACA,0.2857142857142857,4.439347954496029,0.059762758149854926,0.14285714285714285,9,0.25
MutazymeII_Bias,T,ACG,0.2857142857142857,6.2588594545757745,0.03481396142686465,0.14285714285714285,9,0.25
MutazymeII_Bias,D,GAT,0.2857142857142857,4.439347954496029,0.0650964328383683,0.14285714285714285,9,0.25
MutazymeII_Bias,D,GAC,0.2857142857142857,6.2588594545757745,0.04042072025942994,0.14285714285714285,9,0.25
MutazymeII_Bias,E,GAA,0.2857142857142857,4.439347954496029,0.06494708994708995,0.14285714285714285,9,0.25
MutazymeII_Bias,E,GAG,0.2857142857142857,6.2588594545757745,0.03667008021846731,0.14285714285714285,9,0.25
MutazymeII_Bias,N,AAT,0.2857142857142857,3.4589754664324777,0.04988905956647893,0.14285714285714285,9,0.25
MutazymeII_Bias,N,AAC,0.2857142857142857,4.4393479544960295,0.05829919781532683,0.14285714285714285,9,0.25
MutazymeII_Bias,Q,CAA,0.2857142857142857,4.439347954496029,0.06729390681003584,0.14285714285714285,9,0.25
MutazymeII_Bias,Q,CAG,0.2857142857142857,6.258859454575774,0.037267451783580804,0.14285714285714285,9,0.25
MutazymeII_Bias,H,CAT,0.2857142857142857,4.4393479544960295,0.061874893326506225,0.14285714285714285,9,0.25
MutazymeII_Bias,H,CAC,0.2857142857142857,6.2588594545757745,0.03786909028844512,0.14285714285714285,9,0.25
MutazymeII_Bias,K,AAA,0.2857142857142857,3.4589754664324777,0.050708311998634584,0.14285714285714285,9,0.25
MutazymeII_Bias,K,AAG,0.2857142857142857,4.4393479544960295,0.058158388803550086,0.14285714285714285,9,0.25
MutazymeII_Bias,R,CGT,0.2857142857142857,6.2588594545757745,0.0364268646526711,0.14285714285714285,9,0.25
MutazymeII_Bias,R,CGC,0.2857142857142857,10.798338849926509,0.01884707287933094,0.14285714285714285,9,0.25
MutazymeII_Bias,R,CGA,0.2857142857142857,6.2588594545757745,0.043608124253285536,0.14285714285714285,9,0.25
MutazymeII_Bias,R,CGG,0.2857142857142857,10.798338849926509,0.02227769243898276,0.14285714285714285,9,0.25
MutazymeII_Bias,R,AGA,0.2857142857142857,4.4393479544960295,0.062173579109062974,0.14285714285714285,9,0.25
MutazymeII_Bias,R,AGG,0.2857142857142857,6.2588594545757745,0.03681942310974568,0.14285714285714285,9,0.25
MutazymeII_Bias,I,ATT,0.2857142857142857,3.4589754664324777,0.05041816009557945,0.14285714285714285,9,0.25
MutazymeII_Bias,I,ATC,0.2857142857142857,4.4393479544960295,0.06488308585082779,0.14285714285714285,9,0.25
MutazymeII_Bias,I,ATA,0.2857142857142857,3.4589754664324777,0.05059737156511351,0.14285714285714285,9,0.25
MutazymeII_Bias,L,TTA,0.2857142857142857,3.4589754664324777,0.05032428742106162,0.14285714285714285,9,0.25
MutazymeII_Bias,L,TTG,0.2857142857142857,4.4393479544960295,0.06454599761051374,0.14285714285714285,9,0.25
MutazymeII_Bias,L,CTT,0.2857142857142857,4.4393479544960295,0.06037293053422085,0.14285714285714285,9,0.25
MutazymeII_Bias,L,CTC,0.2857142857142857,6.2588594545757745,0.03872674517835808,0.14285714285714285,9,0.25
MutazymeII_Bias,L,CTA,0.2857142857142857,4.4393479544960295,0.05762928827444957,0.14285714285714285,9,0.25
MutazymeII_Bias,L,CTG,0.2857142857142857,6.2588594545757745,0.03540706605222735,0.14285714285714285,9,0.25
MutazymeII_Bias,V,GTT,0.2857142857142857,4.439347954496029,0.06429851510496672,0.14285714285714285,9,0.25
MutazymeII_Bias,V,GTC,0.2857142857142857,6.2588594545757745,0.04344598054275473,0.14285714285714285,9,0.25
MutazymeII_Bias,V,GTA,0.2857142857142857,4.4393479544960295,0.05805598224953064,0.14285714285714285,9,0.25
MutazymeII_Bias,V,GTG,0.2857142857142857,6.2588594545757745,0.03951612903225806,0.14285714285714285,9,0.25
MutazymeII_Bias,M,ATG,0.2857142857142857,4.4393479544960295,0.0615036695681857,0.14285714285714285,9,0.25
MutazymeII_Bias,F,TTT,0.2857142857142857,3.4589754664324777,0.05109233657620755,0.14285714285714285,9,0.25
MutazymeII_Bias,F,TTC,0.2857142857142857,4.4393479544960295,0.06849291688001366,0.14285714285714285,9,0.25
MutazymeII_Bias,W,TGG,0.2857142857142857,6.2588594545757745,0.04138504864311316,0.14285714285714285,9,0.25
MutazymeII_Bias,Y,TAT,0.2857142857142857,3.4589754664324777,0.05029015190305513,0.14285714285714285,9,0.25
MutazymeII_Bias,Y,TAC,0.2857142857142857,4.4393479544960295,0.06262160778289812,0.14285714285714285,9,0.25
MutazymeII_Bias,*,TAA,0.2857142857142857,3.4589754664324777,0.05016214371053081,0.14285714285714285,9,0.25
MutazymeII_Bias,*,TAG,0.2857142857142857,4.439347954496029,0.05911845024748252,0.14285714285714285,9,0.25
MutazymeII_Bias,*,TGA,0.2857142857142857,4.4393479544960295,0.05879416282642089,0.14285714285714285,9,0.25
Ideal_Bias,C,TGT,0.2857142857142857,3.9399062499999986,0.023468168629458955,0.14285714285714285,9,0.25
Ideal_Bias,C,TGC,0.2857142857142857,3.9399062499999986,0.024705581157194064,0.14285714285714285,9,0.25
Ideal_Bias,A,GCT,0.2857142857142857,3.9399062499999986,0.026412357057518352,0.14285714285714285,9,0.25
Ideal_Bias,A,GCC,0.2857142857142857,3.9399062499999986,0.026028332479945383,0.14285714285714285,9,0.25
Ideal_Bias,A,GCA,0.2857142857142857,3.9399062499999986,0.026305683563748083,0.14285714285714285,9,0.25
Ideal_Bias,A,GCG,0.2857142857142857,3.9399062499999986,0.026540365250042663,0.14285714285714285,9,0.25
Ideal_Bias,G,GGT,0.2857142857142857,3.9399062499999986,0.027479091995221035,0.14285714285714285,9,0.25
Ideal_Bias,G,GGC,0.2857142857142857,3.9399062499999986,0.027137736815156174,0.14285714285714285,9,0.25
Ideal_Bias,G,GGA,0.2857142857142857,3.9399062499999986,0.025260283324799453,0.14285714285714285,9,0.25
Ideal_Bias,G,GGG,0.2857142857142857,3.9399062499999986,0.025452295613585935,0.14285714285714285,9,0.25
Ideal_Bias,P,CCT,0.2857142857142857,3.9399062499999986,0.02587898958866701,0.14285714285714285,9,0.25
Ideal_Bias,P,CCC,0.2857142857142857,3.9399062499999986,0.025473630312339988,0.14285714285714285,9,0.25
Ideal_Bias,P,CCA,0.2857142857142857,3.9399062499999986,0.028289810547875067,0.14285714285714285,9,0.25
Ideal_Bias,P,CCG,0.2857142857142857,3.9399062499999986,0.02598566308243728,0.14285714285714285,9,0.25
Ideal_Bias,S,TCT,0.2857142857142857,3.9399062499999986,0.02634835296125618,0.14285714285714285,9,0.25
Ideal_Bias,S,TCC,0.2857142857142857,3.9399062499999986,0.028097798259088574,0.14285714285714285,9,0.25
Ideal_Bias,S,TCA,0.2857142857142857,3.9399062499999986,0.024022870797064347,0.14285714285714285,9,0.25
Ideal_Bias,S,TCG,0.2857142857142857,3.9399062499999986,0.0264336917562724,0.14285714285714285,9,0.25
Ideal_Bias,S,AGT,0.2857142857142857,3.9399062499999986,0.02773510838026966,0.14285714285714285,9,0.25
Ideal_Bias,S,AGC,0.2857142857142857,3.9399062499999986,0.02722307561017238,0.14285714285714285,9,0.25
Ideal_Bias,T,ACT,0.2857142857142857,3.9399062499999986,0.026625704045058884,0.14285714285714285,9,0.25
Ideal_Bias,T,ACC,0.2857142857142857,3.9399062499999986,0.026113671274961593,0.14285714285714285,9,0.25
Ideal_Bias,T,ACA,0.2857142857142857,3.9399062499999986,0.02662570404505888,0.14285714285714285,9,0.25
Ideal_Bias,T,ACG,0.2857142857142857,3.9399062499999986,0.026625704045058877,0.14285714285714285,9,0.25
Ideal_Bias,D,GAT,0.2857142857142857,3.9399062499999986,0.025793650793650792,0.14285714285714285,9,0.25
Ideal_Bias,D,GAC,0.2857142857142857,3.9399062499999986,0.02705239802013995,0.14285714285714285,9,0.25
Ideal_Bias,E,GAA,0.2857142857142857,3.9399062499999986,0.025046936337258918,0.14285714285714285,9,0.25
Ideal_Bias,E,GAG,0.2857142857142857,3.9399062499999986,0.027649769585253448,0.14285714285714285,9,0.25
Ideal_Bias,N,AAT,0.2857142857142857,3.9399062499999986,0.02540962621607783,0.14285714285714285,9,0.25
Ideal_Bias,N,AAC,0.2857142857142857,3.9399062499999986,0.027223075610172384,0.14285714285714285,9,0.25
Ideal_Bias,Q,CAA,0.2857142857142857,3.9399062499999986,0.02728707970643454,0.14285714285714285,9,0.25
Ideal_Bias,Q,CAG,0.2857142857142857,3.9399062499999986,0.027308414405188598,0.14285714285714285,9,0.25
Ideal_Bias,H,CAT,0.2857142857142857,3.9399062499999986,0.025302952722307565,0.14285714285714285,9,0.25
Ideal_Bias,H,CAC,0.2857142857142857,3.9399062499999986,0.026711042840075097,0.14285714285714285,9,0.25
Ideal_Bias,K,AAA,0.2857142857142857,3.9399062499999986,0.02532428742106161,0.14285714285714285,9,0.25
Ideal_Bias,K,AAG,0.2857142857142857,3.9399062499999986,0.02782044717528588,0.14285714285714285,9,0.25
Ideal_Bias,R,CGT,0.2857142857142857,3.9399062499999986,0.027116402116402115,0.14285714285714285,9,0.25
Ideal_Bias,R,CGC,0.2857142857142857,3.9399062499999986,0.0267110428400751,0.14285714285714285,9,0.25
Ideal_Bias,R,CGA,0.2857142857142857,3.9399062499999986,0.027244410308926437,0.14285714285714285,9,0.25
Ideal_Bias,R,CGG,0.2857142857142857,3.9399062499999986,0.02506827103601297,0.14285714285714285,9,0.25
Ideal_Bias,R,AGA,0.2857142857142857,3.9399062499999986,0.0252816180235535,0.14285714285714285,9,0.25
Ideal_Bias,R,AGG,0.2857142857142857,3.9399062499999986,0.025452295613585935,0.14285714285714285,9,0.25
Ideal_Bias,I,ATT,0.2857142857142857,3.9399062499999986,0.02517494452978324,0.14285714285714285,9,0.25
Ideal_Bias,I,ATC,0.2857142857142857,3.9399062499999986,0.02453490356716163,0.14285714285714285,9,0.25
Ideal_Bias,I,ATA,0.2857142857142857,3.9399062499999986,0.027884451271548046,0.14285714285714285,9,0.25
Ideal_Bias,L,TTA,0.2857142857142857,3.9399062499999986,0.0015787677077999658,0.14285714285714285,9,0.25
Ideal_Bias,L,TTG,0.2857142857142857,3.9399062499999986,0.0016427718040621265,0.14285714285714285,9,0.25
Ideal_Bias,L,CTT,0.2857142857142857,3.9399062499999986,0.0048003072196620596,0.14285714285714285,9,0.25
Ideal_Bias,L,CTC,0.2857142857142857,3.9399062499999986,0.0023894862604540022,0.14285714285714285,9,0.25
Ideal_Bias,L,CTA,0.2857142857142857,3.9399062499999986,0.02293480116060761,0.14285714285714285,9,0.25
Ideal_Bias,L,CTG,0.2857142857142857,3.9399062499999986,0.0033495477043864142,0.14285714285714285,9,0.25
Ideal_Bias,V,GTT,0.2857142857142857,3.9399062499999986,0.003221539511862092,0.14285714285714285,9,0.25
Ideal_Bias,V,GTC,0.2857142857142857,3.9399062499999986,0.0010240655401945725,0.14285714285714285,9,0.25
Ideal_Bias,V,GTA,0.2857142857142857,3.9399062499999986,0.004437617340843147,0.14285714285714285,9,0.25
Ideal_Bias,V,GTG,0.2857142857142857,3.9399062499999986,0.0017067759003242873,0.14285714285714285,9,0.25
Ideal_Bias,M,ATG,0.2857142857142857,3.9399062499999986,0.025281618023553505,0.14285714285714285,9,0.25
Ideal_Bias,F,TTT,0.2857142857142857,3.9399062499999986,0.0033708824031404676,0.14285714285714285,9,0.25
Ideal_Bias,F,TTC,0.2857142857142857,3.9399062499999986,0.0023894862604540022,0.14285714285714285,9,0.25
Ideal_Bias,W,TGG,0.2857142857142857,3.9399062499999986,0.00522700119474313,0.14285714285714285,9,0.25
Ideal_Bias,Y,TAT,0.2857142857142857,3.9399062499999986,0.006229732036183649,0.14285714285714285,9,0.25
Ideal_Bias,Y,TAC,0.2857142857142857,3.9399062499999986,0.02474825055470217,0.14285714285714285,9,0.25
Ideal_Bias,*,TAA,0.2857142857142857,3.9399062499999986,0.0032642089093701996,0.14285714285714285,9,0.25
Ideal_Bias,*,TAG,0.2857142857142857,3.9399062499999986,0.02334016043693463,0.14285714285714285,9,0.25
Ideal_Bias,*,TGA,0.2857142857142857,3.9399062499999986,0.003584229390681004,0.14285714285714285,9,0.25
PACE_Bias,C,TGT,0.2857142857142857,4.957398674234879,0.011734084314729472,0.14285714285714285,9,0.25
PACE_Bias,C,TGC,0.2857142857142857,6.21602675839784,0.033883768561187924,0.14285714285714285,9,0.25
PACE_Bias,A,GCT,0.2857142857142857,6.21602675839784,0.03183137054104796,0.14285714285714285,9,0.25
PACE_Bias,A,GCC,0.2857142857142857,7.527921390102072,0.08055982249530635,0.14285714285714285,9,0.25
PACE_Bias,A,GCA,0.2857142857142857,6.21602675839784,0.034993172896398694,0.14285714285714285,9,0.25
PACE_Bias,A,GCG,0.2857142857142857,7.527921390102072,0.08107185526540364,0.14285714285714285,9,0.25
PACE_Bias,G,GGT,0.2857142857142857,6.21602675839784,0.030670762928827443,0.14285714285714285,9,0.25
PACE_Bias,G,GGC,0.2857142857142857,7.527921390102072,0.08516811742618192,0.14285714285714285,9,0.25
PACE_Bias,G,GGA,0.2857142857142857,6.21602675839784,0.03650793650793652,0.14285714285714285,9,0.25
PACE_Bias,G,GGG,0.2857142857142857,7.527921390102072,0.07936507936507936,0.14285714285714285,9,0.25
PACE_Bias,P,CCT,0.2857142857142857,6.21602675839784,0.03518518518518519,0.14285714285714285,9,0.25
PACE_Bias,P,CCC,0.2857142857142857,7.527921390102072,0.07834101382488479,0.14285714285714285,9,0.25
PACE_Bias,P,CCA,0.2857142857142857,6.21602675839784,0.034715821812596005,0.14285714285714285,9,0.25
PACE_Bias,P,CCG,0.2857142857142857,7.527921390102072,0.08055982249530635,0.14285714285714285,9,0.25
PACE_Bias,S,TCT,0.2857142857142857,4.957398674234879,0.011862092507253794,0.14285714285714285,9,0.25
PACE_Bias,S,TCC,0.2857142857142857,6.21602675839784,0.03176309950503499,0.14285714285714285,9,0.25
PACE_Bias,S,TCA,0.2857142857142857,4.957398674234879,0.011606076122205152,0.14285714285714285,9,0.25
PACE_Bias,S,TCG,0.2857142857142857,6.21602675839784,0.03229646697388632,0.14285714285714285,9,0.25
PACE_Bias,S,AGT,0.2857142857142857,4.957398674234879,0.011819423109745687,0.14285714285714285,9,0.25
PACE_Bias,S,AGC,0.2857142857142857,6.21602675839784,0.03133640552995391,0.14285714285714285,9,0.25
PACE_Bias,T,ACT,0.2857142857142857,4.957398674234879,0.011862092507253796,0.14285714285714285,9,0.25
PACE_Bias,T,ACC,0.2857142857142857,6.21602675839784,0.033734425669909536,0.14285714285714285,9,0.25
PACE_Bias,T,ACA,0.2857142857142857,4.957398674234879,0.011862092507253796,0.14285714285714285,9,0.25
PACE_Bias,T,ACG,0.2857142857142857,6.21602675839784,0.0358678955453149,0.14285714285714285,9,0.25
PACE_Bias,D,GAT,0.2857142857142857,4.957398674234879,0.011862092507253797,0.14285714285714285,9,0.25
PACE_Bias,D,GAC,0.2857142857142857,6.21602675839784,0.03285543608124253,0.14285714285714285,9,0.25
PACE_Bias,E,GAA,0.2857142857142857,4.957398674234879,0.011179382147124082,0.14285714285714285,9,0.25
PACE_Bias,E,GAG,0.2857142857142857,6.21602675839784,0.03693463048301757,0.14285714285714285,9,0.25
PACE_Bias,N,AAT,0.2857142857142857,3.793743688884632,0.00012800819252432156,0.14285714285714285,9,0.25
PACE_Bias,N,AAC,0.2857142857142857,4.957398674234879,0.012032770097286222,0.14285714285714285,9,0.25
PACE_Bias,Q,CAA,0.2857142857142857,4.957398674234879,0.011862092507253794,0.14285714285714285,9,0.25
PACE_Bias,Q,CAG,0.2857142857142857,6.21602675839784,0.03519371906468681,0.14285714285714285,9,0.25
PACE_Bias,H,CAT,0.2857142857142857,4.957398674234879,0.011862092507253794,0.14285714285714285,9,0.25
PACE_Bias,H,CAC,0.2857142857142857,6.21602675839784,0.03148148148148148,0.14285714285714285,9,0.25
PACE_Bias,K,AAA,0.2857142857142857,3.793743688884632,0.0,0.14285714285714285,9,0.25
PACE_Bias,K,AAG,0.2857142857142857,4.957398674234879,0.011520737327188937,0.14285714285714285,9,0.25
PACE_Bias,R,CGT,0.2857142857142857,6.21602675839784,0.03698583376002731,0.14285714285714285,9,0.25
PACE_Bias,R,CGC,0.2857142857142857,7.527921390102072,0.08926437958696022,0.14285714285714285,9,0.25
PACE_Bias,R,CGA,0.2857142857142857,6.21602675839784,0.032194060419866874,0.14285714285714285,9,0.25
PACE_Bias,R,CGG,0.2857142857142857,7.527921390102072,0.08516811742618194,0.14285714285714285,9,0.25
PACE_Bias,R,AGA,0.2857142857142857,4.957398674234879,0.01194743130227001,0.14285714285714285,9,0.25
PACE_Bias,R,AGG,0.2857142857142857,6.21602675839784,0.03218979348011606,0.14285714285714285,9,0.25
PACE_Bias,I,ATT,0.2857142857142857,3.793743688884632,0.001877453490356716,0.14285714285714285,9,0.25
PACE_Bias,I,ATC,0.2857142857142857,4.957398674234879,0.010838026967059222,0.14285714285714285,9,0.25
PACE_Bias,I,ATA,0.2857142857142857,3.793743688884632,0.000576036866359447,0.14285714285714285,9,0.25
PACE_Bias,L,TTA,0.2857142857142857,3.793743688884632,0.0012800819252432156,0.14285714285714285,9,0.25
PACE_Bias,L,TTG,0.2857142857142857,4.957398674234879,0.01177675371223758,0.14285714285714285,9,0.25
PACE_Bias,L,CTT,0.2857142857142857,4.957398674234879,0.011691414917221367,0.14285714285714285,9,0.25
PACE_Bias,L,CTC,0.2857142857142857,6.21602675839784,0.03633725891790408,0.14285714285714285,9,0.25
PACE_Bias,L,CTA,0.2857142857142857,4.957398674234879,0.012075439494794329,0.14285714285714285,9,0.25
PACE_Bias,L,CTG,0.2857142857142857,6.21602675839784,0.03232206861239119,0.14285714285714285,9,0.25
PACE_Bias,V,GTT,0.2857142857142857,4.957398674234879,0.011734084314729476,0.14285714285714285,9,0.25
PACE_Bias,V,GTC,0.2857142857142857,6.21602675839784,0.03367042157364738,0.14285714285714285,9,0.25
PACE_Bias,V,GTA,0.2857142857142857,4.957398674234879,0.011819423109745687,0.14285714285714285,9,0.25
PACE_Bias,V,GTG,0.2857142857142857,6.21602675839784,0.033777095067417655,0.14285714285714285,9,0.25
PACE_Bias,M,ATG,0.2857142857142857,4.957398674234879,0.011563406724697045,0.14285714285714285,9,0.25
PACE_Bias,F,TTT,0.2857142857142857,3.793743688884632,0.0024748250554702165,0.14285714285714285,9,0.25
PACE_Bias,F,TTC,0.2857142857142857,4.957398674234879,0.011990100699778116,0.14285714285714285,9,0.25
PACE_Bias,W,TGG,0.2857142857142857,6.21602675839784,0.036379928315412195,0.14285714285714285,9,0.25
PACE_Bias,Y,TAT,0.2857142857142857,3.793743688884632,0.0019627922853729307,0.14285714285714285,9,0.25
PACE_Bias,Y,TAC,0.2857142857142857,4.957398674234879,0.01420890937019969,0.14285714285714285,9,0.25
PACE_Bias,*,TAA,0.2857142857142857,3.793743688884632,0.001941457586618877,0.14285714285714285,9,0.25
PACE_Bias,*,TAG,0.2857142857142857,4.957398674234879,0.012032770097286226,0.14285714285714285,9,0.25
PACE_Bias,*,TGA,0.2857142857142857,4.957398674234879,0.01194743130227001,0.14285714285714285,9,0.25
MutaT7_Bias,C,TGT,0.047619047619047616,0.07814851104358475,0.0003200204813108039,0.015873015873015872,0,0.0
MutaT7_Bias,C,TGC,0.047619047619047616,0.04771587301587302,0.00019201228878648233,0.031746031746031744,0,0.0
MutaT7_Bias,A,GCT,0.047619047619047616,0.047715873015873,0.00034135518006485745,0.031746031746031744,0,0.0
MutaT7_Bias,A,GCC,0.047619047619047616,0.0,0.0,0.047619047619047616,0,0.0
MutaT7_Bias,A,GCA,0.047619047619047616,0.047715873015873,0.00034135518006485745,0.031746031746031744,0,0.0
MutaT7_Bias,A,GCG,0.047619047619047616,0.0,0.0,0.047619047619047616,0,0.0
MutaT7_Bias,G,GGT,0.047619047619047616,0.047715873015873,0.00034135518006485745,0.031746031746031744,0,0.0
MutaT7_Bias,G,GGC,0.047619047619047616,0.0,0.0,0.047619047619047616,0,0.0
MutaT7_Bias,G,GGA,0.047619047619047616,0.047715873015873,0.00034135518006485745,0.031746031746031744,0,0.0
MutaT7_Bias,G,GGG,0.047619047619047616,0.0,0.0,0.047619047619047616,0,0.0
MutaT7_Bias,P,CCT,0.047619047619047616,0.047715873015873,0.00034135518006485745,0.031746031746031744,0,0.0
MutaT7_Bias,P,CCC,0.047619047619047616,0.0,0.0,0.047619047619047616,0,0.0
MutaT7_Bias,P,CCA,0.047619047619047616,0.047715873015873,0.00034135518006485745,0.031746031746031744,0,0.0
MutaT7_Bias,P,CCG,0.047619047619047616,0.0,0.0,0.047619047619047616,0,0.0
MutaT7_Bias,S,TCT,0.047619047619047616,0.07814851104358474,0.00034135518006485745,0.015873015873015872,0,0.0
MutaT7_Bias,S,TCC,0.047619047619047616,0.047715873015873,0.00034135518006485745,0.031746031746031744,0,0.0
MutaT7_Bias,S,TCA,0.047619047619047616,0.07814851104358474,0.00034135518006485745,0.015873015873015872,0,0.0
MutaT7_Bias,S,TCG,0.047619047619047616,0.047715873015873,0.00034135518006485745,0.031746031746031744,0,0.0
MutaT7_Bias,S,AGT,0.047619047619047616,0.07814851104358474,0.00034135518006485745,0.015873015873015872,0,0.0
MutaT7_Bias,S,AGC,0.047619047619047616,0.047715873015873,0.00034135518006485745,0.031746031746031744,0,0.0
MutaT7_Bias,T,ACT,0.047619047619047616,0.07814851104358474,0.00034135518006485745,0.015873015873015872,0,0.0
MutaT7_Bias,T,ACC,0.047619047619047616,0.047715873015873,0.00034135518006485745,0.031746031746031744,0,0.0
MutaT7_Bias,T,ACA,0.047619047619047616,0.07814851104358474,0.00034135518006485745,0.015873015873015872,0,0.0
MutaT7_Bias,T,ACG,0.047619047619047616,0.047715873015873,0.00034135518006485745,0.031746031746031744,0,0.0
MutaT7_Bias,D,GAT,0.047619047619047616,0.07814851104358474,0.00034135518006485745,0.015873015873015872,0,0.0
MutaT7_Bias,D,GAC,0.047619047619047616,0.047715873015873,0.00034135518006485745,0.031746031746031744,0,0.0
MutaT7_Bias,E,GAA,0.047619047619047616,0.07814851104358474,0.00034135518006485745,0.015873015873015872,0,0.0
MutaT7_Bias,E,GAG,0.047619047619047616,0.047715873015873,0.00034135518006485745,0.031746031746031744,0,0.0
MutaT7_Bias,N,AAT,0.047619047619047616,0.08378831421416148,0.0,0.0,0,0.0
MutaT7_Bias,N,AAC,0.047619047619047616,0.07814851104358474,0.00034135518006485745,0.015873015873015872,0,0.0
MutaT7_Bias,Q,CAA,0.047619047619047616,0.07814851104358474,0.00034135518006485745,0.015873015873015872,0,0.0
MutaT7_Bias,Q,CAG,0.047619047619047616,0.047715873015873,0.00034135518006485745,0.031746031746031744,0,0.0
MutaT7_Bias,H,CAT,0.047619047619047616,0.07814851104358475,0.0003200204813108039,0.015873015873015872,0,0.0
MutaT7_Bias,H,CAC,0.047619047619047616,0.04771587301587302,0.00019201228878648233,0.031746031746031744,0,0.0
MutaT7_Bias,K,AAA,0.047619047619047616,0.08378831421416148,0.0,0.0,0,0.0
MutaT7_Bias,K,AAG,0.047619047619047616,0.07814851104358474,0.00034135518006485745,0.015873015873015872,0,0.0
MutaT7_Bias,R,CGT,0.047619047619047616,0.04771587301587302,0.0006400409626216078,0.031746031746031744,0,0.0
MutaT7_Bias,R,CGC,0.047619047619047616,0.0,0.0,0.047619047619047616,0,0.0
MutaT7_Bias,R,CGA,0.047619047619047616,0.047715873015873,0.00034135518006485745,0.031746031746031744,0,0.0
MutaT7_Bias,R,CGG,0.047619047619047616,0.0,0.0,0.047619047619047616,0,0.0
MutaT7_Bias,R,AGA,0.047619047619047616,0.07814851104358474,0.00034135518006485745,0.015873015873015872,0,0.0
MutaT7_Bias,R,AGG,0.047619047619047616,0.047715873015873,0.00034135518006485745,0.031746031746031744,0,0.0
MutaT7_Bias,I,ATT,0.047619047619047616,0.08378831421416148,0.0,0.0,0,0.0
MutaT7_Bias,I,ATC,0.047619047619047616,0.07814851104358474,0.00034135518006485745,0.015873015873015872,0,0.0
MutaT7_Bias,I,ATA,0.047619047619047616,0.08378831421416148,0.0,0.0,0,0.0
MutaT7_Bias,L,TTA,0.047619047619047616,0.08378831421416148,0.0,0.0,0,0.0
MutaT7_Bias,L,TTG,0.047619047619047616,0.07814851104358474,0.00034135518006485745,0.015873015873015872,0,0.0
MutaT7_Bias,L,CTT,0.047619047619047616,0.07814851104358474,0.00034135518006485745,0.015873015873015872,0,0.0
MutaT7_Bias,L,CTC,0.047619047619047616,0.047715873015873,0.00034135518006485745,0.031746031746031744,0,0.0
MutaT7_Bias,L,CTA,0.047619047619047616,0.07814851104358474,0.00034135518006485745,0.015873015873015872,0,0.0
MutaT7_Bias,L,CTG,0.047619047619047616,0.047715873015873,0.00034135518006485745,0.031746031746031744,0,0.0
MutaT7_Bias,V,GTT,0.047619047619047616,0.07814851104358474,0.00034135518006485745,0.015873015873015872,0,0.0
MutaT7_Bias,V,GTC,0.047619047619047616,0.047715873015873,0.00034135518006485745,0.031746031746031744,0,0.0
MutaT7_Bias,V,GTA,0.047619047619047616,0.07814851104358474,0.00034135518006485745,0.015873015873015872,0,0.0
MutaT7_Bias,V,GTG,0.047619047619047616,0.047715873015873,0.00034135518006485745,0.031746031746031744,0,0.0
MutaT7_Bias,M,ATG,0.047619047619047616,0.07814851104358474,0.00034135518006485745,0.015873015873015872,0,0.0
MutaT7_Bias,F,TTT,0.047619047619047616,0.08378831421416148,0.0,0.0,0,0.0
MutaT7_Bias,F,TTC,0.047619047619047616,0.07814851104358474,0.00034135518006485745,0.015873015873015872,0,0.0
MutaT7_Bias,W,TGG,0.047619047619047616,0.047715873015873,0.00034135518006485745,0.031746031746031744,0,0.0
MutaT7_Bias,Y,TAT,0.047619047619047616,0.08378831421416148,0.0,0.0,0,0.0
MutaT7_Bias,Y,TAC,0.047619047619047616,0.07814851104358474,0.00038402457757296467,0.015873015873015872,0,0.0
MutaT7_Bias,*,TAA,0.047619047619047616,0.08378831421416148,0.0,0.0,0,0.0
MutaT7_Bias,*,TAG,0.047619047619047616,0.07814851104358474,0.00034135518006485745,0.015873015873015872,0,0.0
MutaT7_Bias,*,TGA,0.047619047619047616,0.07814851104358474,0.00034135518006485745,0.015873015873015872,0,0.0
YeastIT1_Bias,C,TGT,0.09523809523809523,0.19202391257824314,0.0003200204813108039,0.047619047619047616,0,0.0
YeastIT1_Bias,C,TGC,0.09523809523809523,0.30544062580410186,0.001728110599078341,0.047619047619047616,0,0.0
YeastIT1_Bias,A,GCT,0.09523809523809523,0.30544062580410186,0.0017067759003242873,0.047619047619047616,0,0.0
YeastIT1_Bias,A,GCC,0.09523809523809523,0.47811369075753013,0.0030721966205837174,0.047619047619047616,0,0.0
YeastIT1_Bias,A,GCA,0.09523809523809523,0.30544062580410186,0.0021761392729134667,0.047619047619047616,0,0.0
YeastIT1_Bias,A,GCG,0.09523809523809523,0.47811369075753013,0.0030721966205837174,0.047619047619047616,0,0.0
YeastIT1_Bias,G,GGT,0.09523809523809523,0.30544062580410186,0.0017067759003242873,0.047619047619047616,0,0.0
YeastIT1_Bias,G,GGC,0.09523809523809523,0.47811369075753013,0.0030721966205837174,0.047619047619047616,0,0.0
YeastIT1_Bias,G,GGA,0.09523809523809523,0.30544062580410186,0.001152073732718894,0.047619047619047616,0,0.0
YeastIT1_Bias,G,GGG,0.09523809523809523,0.47811369075753013,0.0030721966205837174,0.047619047619047616,0,0.0
YeastIT1_Bias,P,CCT,0.09523809523809523,0.30544062580410186,0.0014934289127837513,0.047619047619047616,0,0.0
YeastIT1_Bias,P,CCC,0.09523809523809523,0.47811369075753013,0.0030721966205837174,0.047619047619047616,0,0.0
YeastIT1_Bias,P,CCA,0.09523809523809523,0.30544062580410186,0.0013440860215053765,0.047619047619047616,0,0.0
YeastIT1_Bias,P,CCG,0.09523809523809523,0.47811369075753013,0.0030721966205837174,0.047619047619047616,0,0.0
YeastIT1_Bias,S,TCT,0.09523809523809523,0.19202391257824314,0.00034135518006485745,0.047619047619047616,0,0.0
YeastIT1_Bias,S,TCC,0.09523809523809523,0.30544062580410186,0.001621437105308073,0.047619047619047616,0,0.0
YeastIT1_Bias,S,TCA,0.09523809523809523,0.19202391257824314,0.0006400409626216078,0.047619047619047616,0,0.0
YeastIT1_Bias,S,TCG,0.09523809523809523,0.30544062580410186,0.0013440860215053765,0.047619047619047616,0,0.0
YeastIT1_Bias,S,AGT,0.09523809523809523,0.19202391257824314,0.0006827103601297149,0.047619047619047616,0,0.0
YeastIT1_Bias,S,AGC,0.09523809523809523,0.30544062580410186,0.0017067759003242873,0.047619047619047616,0,0.0
YeastIT1_Bias,T,ACT,0.09523809523809523,0.19202391257824314,0.0006827103601297149,0.047619047619047616,0,0.0
YeastIT1_Bias,T,ACC,0.09523809523809523,0.30544062580410186,0.0017067759003242873,0.047619047619047616,0,0.0
YeastIT1_Bias,T,ACA,0.09523809523809523,0.19202391257824314,0.00019201228878648233,0.047619047619047616,0,0.0
YeastIT1_Bias,T,ACG,0.09523809523809523,0.30544062580410186,0.0007680491551459293,0.047619047619047616,0,0.0
YeastIT1_Bias,D,GAT,0.09523809523809523,0.19202391257824314,0.0006827103601297149,0.047619047619047616,0,0.0
YeastIT1_Bias,D,GAC,0.09523809523809523,0.30544062580410186,0.0017067759003242873,0.047619047619047616,0,0.0
YeastIT1_Bias,E,GAA,0.09523809523809523,0.19202391257824314,0.0008320532514080901,0.047619047619047616,0,0.0
YeastIT1_Bias,E,GAG,0.09523809523809523,0.30544062580410186,0.001984126984126984,0.047619047619047616,0,0.0
YeastIT1_Bias,N,AAT,0.09523809523809523,0.11298772590088745,0.0,0.047619047619047616,0,0.0
YeastIT1_Bias,N,AAC,0.09523809523809523,0.19202391257824314,0.0006827103601297149,0.047619047619047616,0,0.0
YeastIT1_Bias,Q,CAA,0.09523809523809523,0.19202391257824314,0.0,0.047619047619047616,0,0.0
YeastIT1_Bias,Q,CAG,0.09523809523809523,0.30544062580410186,0.0014080901177675371,0.047619047619047616,0,0.0
YeastIT1_Bias,H,CAT,0.09523809523809523,0.19202391257824314,0.0003200204813108039,0.047619047619047616,0,0.0
YeastIT1_Bias,H,CAC,0.09523809523809523,0.30544062580410186,0.001728110599078341,0.047619047619047616,0,0.0
YeastIT1_Bias,K,AAA,0.09523809523809523,0.11298772590088745,0.0,0.047619047619047616,0,0.0
YeastIT1_Bias,K,AAG,0.09523809523809523,0.19202391257824314,0.00038402457757296467,0.047619047619047616,0,0.0
YeastIT1_Bias,R,CGT,0.09523809523809523,0.30544062580410186,0.0016641065028161802,0.047619047619047616,0,0.0
YeastIT1_Bias,R,CGC,0.09523809523809523,0.47811369075753013,0.0030721966205837174,0.047619047619047616,0,0.0
YeastIT1_Bias,R,CGA,0.09523809523809523,0.30544062580410186,0.0014080901177675371,0.047619047619047616,0,0.0
YeastIT1_Bias,R,CGG,0.09523809523809523,0.47811369075753013,0.0030721966205837174,0.047619047619047616,0,0.0
YeastIT1_Bias,R,AGA,0.09523809523809523,0.19202391257824314,0.0008320532514080901,0.047619047619047616,0,0.0
YeastIT1_Bias,R,AGG,0.09523809523809523,0.30544062580410186,0.001984126984126984,0.047619047619047616,0,0.0
YeastIT1_Bias,I,ATT,0.09523809523809523,0.11298772590088745,0.0,0.047619047619047616,0,0.0
YeastIT1_Bias,I,ATC,0.09523809523809523,0.19202391257824314,0.0006827103601297149,0.047619047619047616,0,0.0
YeastIT1_Bias,I,ATA,0.09523809523809523,0.11298772590088745,0.0,0.047619047619047616,0,0.0
YeastIT1_Bias,L,TTA,0.09523809523809523,0.11298772590088745,0.0,0.047619047619047616,0,0.0
YeastIT1_Bias,L,TTG,0.09523809523809523,0.19202391257824314,0.0007040450588837686,0.047619047619047616,0,0.0
YeastIT1_Bias,L,CTT,0.09523809523809523,0.19202391257824314,0.0011094043352107867,0.047619047619047616,0,0.0
YeastIT1_Bias,L,CTC,0.09523809523809523,0.30544062580410186,0.002005461682881038,0.047619047619047616,0,0.0
YeastIT1_Bias,L,CTA,0.09523809523809523,0.19202391257824314,0.0007040450588837686,0.047619047619047616,0,0.0
YeastIT1_Bias,L,CTG,0.09523809523809523,0.30544062580410186,0.0024321556579621094,0.047619047619047616,0,0.0
YeastIT1_Bias,V,GTT,0.09523809523809523,0.19202391257824314,0.0006827103601297149,0.047619047619047616,0,0.0
YeastIT1_Bias,V,GTC,0.09523809523809523,0.30544062580410186,0.0017067759003242873,0.047619047619047616,0,0.0
YeastIT1_Bias,V,GTA,0.09523809523809523,0.19202391257824314,0.0008960573476702509,0.047619047619047616,0,0.0
YeastIT1_Bias,V,GTG,0.09523809523809523,0.30544062580410186,0.0021761392729134667,0.047619047619047616,0,0.0
YeastIT1_Bias,M,ATG,0.09523809523809523,0.19202391257824314,0.0009600614439324117,0.047619047619047616,0,0.0
YeastIT1_Bias,F,TTT,0.09523809523809523,0.11298772590088746,0.0,0.047619047619047616,0,0.0
YeastIT1_Bias,F,TTC,0.09523809523809523,0.19202391257824314,0.0005973715651135006,0.047619047619047616,0,0.0
YeastIT1_Bias,W,TGG,0.09523809523809523,0.30544062580410186,0.002304147465437788,0.047619047619047616,0,0.0
YeastIT1_Bias,Y,TAT,0.09523809523809523,0.11298772590088746,0.0,0.047619047619047616,0,0.0
YeastIT1_Bias,Y,TAC,0.09523809523809523,0.19202391257824314,0.0014080901177675371,0.047619047619047616,0,0.0
YeastIT1_Bias,*,TAA,0.09523809523809523,0.11298772590088746,0.0,0.047619047619047616,0,0.0
YeastIT1_Bias,*,TAG,0.09523809523809523,0.19202391257824314,0.0010240655401945725,0.047619047619047616,0,0.0
YeastIT1_Bias,*,TGA,0.09523809523809523,0.19202391257824314,0.0010240655401945725,0.047619047619047616,0,0.0
